{
    "args": {
        "bandwidth": 8000,
        "batch_size": 8,
        "dataset": "musdb",
        "epochs": 100,
        "hidden_size": 512,
        "is_wav": false,
        "lr": 0.001,
        "lr_decay_gamma": 0.3,
        "lr_decay_patience": 80,
        "mdensenet_params": "mdensenet-acc-medium/params3.json",
        "model": null,
        "model_type": "mdensenet",
        "nb_channels": 2,
        "nb_workers": 8,
        "nfft": 4096,
        "nhop": 1024,
        "no_cuda": false,
        "output": "mdensenet-acc-medium",
        "patience": 140,
        "quiet": false,
        "root": "~/Music/musdb18",
        "samples_per_track": 64,
        "seed": 42,
        "seq_dur": 3.0,
        "source_augmentations": [
            "gain",
            "channelswap"
        ],
        "target": "accompaniment",
        "unidirectional": false,
        "weight_decay": 1e-05
    },
    "best_epoch": 97,
    "best_loss": 3.386314630508423,
    "commit": "b6ea5d7",
    "epochs_trained": 100,
    "num_bad_epochs": 3,
    "train_loss_history": [
        22.723889830500582,
        15.329782631854679,
        11.328536068630774,
        8.834078368232694,
        6.738535632227743,
        5.673697579565436,
        4.588618737147298,
        4.157052620898845,
        3.8939922384397927,
        3.5834047302257184,
        3.708814020073691,
        3.5665811598300934,
        3.4439372200258944,
        3.375772591766923,
        3.3939275874994523,
        3.2442763247635473,
        3.1548474321878235,
        3.2535449639829093,
        3.1837986761400865,
        3.0923765984385514,
        3.180355771163175,
        2.992728131801583,
        3.131787562439608,
        3.1121952905384607,
        3.1218887462692204,
        3.014655245771242,
        3.0024796818751236,
        2.9017996095813983,
        2.84580730057733,
        2.840641574371,
        2.8527618942912234,
        2.605682855515286,
        2.6811786883965483,
        2.6203451819371346,
        2.528205375511979,
        2.682408532517594,
        2.5672067341416382,
        2.5000502073834108,
        2.523016066312097,
        2.547393295394127,
        2.5055733233863533,
        2.5085802730606046,
        2.4304963546956695,
        2.5201357429803806,
        2.4178362577113997,
        2.3929280683744785,
        2.4655108864224236,
        2.372068167772404,
        2.3944280240251574,
        2.2811883945277955,
        2.260250887811877,
        2.378544815491105,
        2.336311595904273,
        2.277849846367919,
        2.230009897243838,
        2.22874711869761,
        2.331330648688383,
        2.379412333805894,
        2.216887850487648,
        2.203107418015946,
        2.252040474913841,
        2.1840208827756173,
        2.197756534918796,
        2.2201212251255678,
        2.1683706512111565,
        2.204962529935116,
        2.2555999372934186,
        2.23911731161697,
        2.1164131282373915,
        2.1924805592658907,
        2.1918252051569693,
        2.1350519436216633,
        2.135404097739347,
        2.154856492613637,
        2.215544552304024,
        2.1426443404756315,
        2.073489848784236,
        2.166284411625807,
        2.1331272318439427,
        2.15200627144686,
        2.0857562588224576,
        2.10749115439695,
        2.087589921126532,
        2.093889326983413,
        2.0968519067175166,
        2.104934662320586,
        2.1901906582331936,
        2.030897770856702,
        2.0704067084331843,
        2.047980246935473,
        2.057604429073805,
        2.0388708073905732,
        2.079924323877623,
        2.035123981708704,
        2.0461009540703405,
        1.9800522401928902,
        2.0224625075799088,
        2.0592877726222194,
        2.0124453937331603,
        1.9932318814098835
    ],
    "train_time_history": [
        356.2675664424896,
        341.8516209125519,
        344.8195309638977,
        344.3400390148163,
        351.90584564208984,
        351.17507004737854,
        350.0721516609192,
        349.7552263736725,
        349.96081256866455,
        348.57829999923706,
        348.42727637290955,
        345.61083030700684,
        355.5366451740265,
        354.6521186828613,
        357.06820821762085,
        348.3106520175934,
        350.46781063079834,
        358.24073600769043,
        347.9613721370697,
        348.9338626861572,
        347.80834889411926,
        352.77755999565125,
        344.7330582141876,
        360.4696583747864,
        346.94450664520264,
        356.1413598060608,
        349.72579622268677,
        354.17306089401245,
        353.4644229412079,
        350.2832052707672,
        351.2149534225464,
        364.33272194862366,
        356.5177261829376,
        360.25822949409485,
        349.5142638683319,
        350.1462516784668,
        348.14428901672363,
        352.8597192764282,
        358.70870089530945,
        343.66602516174316,
        343.7272918224335,
        351.7388322353363,
        360.4319591522217,
        347.63963317871094,
        357.73481035232544,
        357.1031744480133,
        352.58970284461975,
        359.7248566150665,
        356.7754349708557,
        349.96389651298523,
        360.7735605239868,
        344.7938368320465,
        356.1773383617401,
        348.6450684070587,
        349.630243062973,
        352.93711400032043,
        351.7597723007202,
        347.3694279193878,
        355.8033413887024,
        348.63015031814575,
        353.1623492240906,
        349.71143889427185,
        361.2004041671753,
        354.80744433403015,
        352.76522302627563,
        354.23609924316406,
        357.30416893959045,
        354.6615128517151,
        359.5399007797241,
        352.2400755882263,
        349.64276003837585,
        360.5693175792694,
        349.09213399887085,
        354.6087574958801,
        358.1215362548828,
        359.3434422016144,
        352.4669201374054,
        361.2394986152649,
        350.7329411506653,
        343.926233291626,
        357.8201880455017,
        349.28480052948,
        361.18283247947693,
        351.322553396225,
        346.0321145057678,
        347.63902592658997,
        351.5323131084442,
        350.3453540802002,
        356.78638339042664,
        354.84137749671936,
        359.89614391326904,
        349.6999499797821,
        357.9393558502197,
        355.96098947525024,
        355.258731842041,
        353.9064486026764,
        344.01854276657104,
        353.5115222930908,
        346.6702160835266,
        357.16309785842896
    ],