{
    "args": {
        "bandwidth": 16000,
        "batch_size": 1,
        "dataset": "musdb",
        "epochs": 9,
        "hidden_size": 512,
        "is_wav": false,
        "lr": 0.001,
        "lr_decay_gamma": 0.3,
        "lr_decay_patience": 80,
        "model": "mdensenet-accompaniment",
        "model_type": "mdensenet",
        "nb_channels": 2,
        "nb_workers": 0,
        "nfft": 4096,
        "nhop": 1024,
        "no_cuda": false,
        "output": "open-unmix",
        "patience": 140,
        "quiet": false,
        "root": "~/Music/musdb18",
        "samples_per_track": 64,
        "seed": 42,
        "seq_dur": 3.0,
        "source_augmentations": [
            "gain",
            "channelswap"
        ],
        "target": "accompaniment",
        "unidirectional": false,
        "weight_decay": 1e-05
    },
    "best_epoch": 11,
    "best_loss": 0.9764826893806458,
    "commit": "3ff7302",
    "epochs_trained": 12,
    "num_bad_epochs": 1,
    "train_loss_history": [
        3.5061733508171233,
        1.3318390994492464,
        0.9045762730691972,
        0.773655359643081,
        0.7322715159101536,
        0.6625335780818417,
        0.6232242535059963,
        0.6225364220204769,
        0.6194383658970933,
        0.5738660510102163,
        0.5632577802209917,
        0.5532943860256806,
        0.5328797780528602
    ],
    "train_time_history": [
        3692.9779925346375,
        3641.7557446956635,
        3690.89009141922,
        3639.3245680332184,
        3634.059002161026,
        3633.33838558197,
        3632.3108825683594,
        3633.6726846694946,
        3632.19606423378,
        3632.4630794525146,
        3631.723964214325
    ],
    "valid_loss_history": [
        1.4845790266990662,
        1.2390443256923132,
        1.2100671316896165,
        1.1870662846735545,
        1.1122164619820458,
        1.1043561441557748,
        1.0102822461298533,
        1.057533540896007,
        1.0311843838010515,
        1.1390627303293772,
        1.028223923274449,
        0.9764826893806458,
        1.028716845171792
    ]
}