{
    "args": {
        "bandwidth": 8000,
        "batch_size": 8,
        "dataset": "musdb",
        "epochs": 22,
        "hidden_size": 512,
        "is_wav": false,
        "lr": 0.001,
        "lr_decay_gamma": 0.3,
        "lr_decay_patience": 80,
        "mdensenet_params": "mdensenet-acc-medium/params3.json",
        "model": "mdensenet-vox-medium",
        "model_type": "mdensenet",
        "nb_channels": 2,
        "nb_workers": 8,
        "nfft": 4096,
        "nhop": 1024,
        "no_cuda": false,
        "output": "mdensenet-vox-medium",
        "patience": 140,
        "quiet": false,
        "root": "~/Music/musdb18",
        "samples_per_track": 64,
        "seed": 42,
        "seq_dur": 3.0,
        "source_augmentations": [
            "gain",
            "channelswap"
        ],
        "target": "vocals",
        "unidirectional": false,
        "weight_decay": 1e-05
    },
    "best_epoch": 80,
    "best_loss": 3.7833794951438904,
    "commit": "b6ea5d7",
    "epochs_trained": 100,
    "num_bad_epochs": 20,
    "train_loss_history": [
        6.56695383579232,
        4.771555043756962,
        4.164723149912302,
        3.9160772726632826,
        3.676280710413012,
        3.644044283344302,
        3.4797346148380015,
        3.4861039481190748,
        3.300200043116198,
        3.1209490121623804,
        3.2341309814432333,
        3.0444562412625134,
        2.8533306463166723,
        2.8614627054437647,
        2.803279628500689,
        2.666498300900986,
        2.61376464964692,
        2.735038098900817,
        2.651052635422973,
        2.5252982932900965,
        2.5313419907592065,
        2.410336655846169,
        2.530586364570745,
        2.5384396052117957,
        2.5045199356106824,
        2.4339250839033792,
        2.4155133557181028,
        2.3951822997525682,
        2.378048147659662,
        2.323750193469053,
        2.381593602514544,
        2.2816583326216353,
        2.2571642811215202,
        2.3013617740294268,
        2.2682160670154317,
        2.310201846756214,
        2.331469547956489,
        2.2409196777572467,
        2.2988425265391204,
        2.2776949086854623,
        2.2614681710337483,
        2.2411233616429707,
        2.212983320012342,
        2.2988850443169127,
        2.3344746334261672,
        2.22299572141018,
        2.2322655470911847,
        2.232900635707517,
        2.2216159969048443,
        2.1428663404875024,
        2.1616451536673447,
        2.230274051254572,
        2.1478248928175416,
        2.1478218621206144,
        2.0764312789190646,
        2.132915207596366,
        2.142993940257056,
        2.2014500842278086,
        2.0874675359836843,
        2.0970186780445106,
        2.136886929833265,
        2.088852013179729,
        2.1497442652146486,
        2.1092403549700975,
        2.0835604612217393,
        2.1218742209291737,
        2.1113564920026895,
        2.1401909176520135,
        2.0762705892151176,
        2.0512471180842367,
        2.154392778786809,
        2.05913187780006,
        2.0684295717713446,
        2.0685796560936196,
        2.134909348735629,
        2.0775644547457612,
        2.0506876718772706,
        2.187596828611784,
        2.076386013609725,
        1.9763975384276966,
        2.030762522546358,
        2.089362766766964,
        2.019825852021228,
        2.0566584823089977,
        2.06665445890191,
        2.036158100810162,
        1.9873746851849001,
        1.9580480691132158,
        2.033151504821902,
        2.0400356176027725,
        2.005778237570857,
        2.0354514232035292,
        2.007518081384343,
        1.943203258566385,
        1.9899825780804075,
        2.0775916394885887,
        2.0315957454921203,
        1.9499838053313798,
        1.9708434218584105,
        1.913815412150566,
        2.023781981644069
    ],
    "train_time_history": [
        350.7445344924927,
        329.09899497032166,
        332.96427297592163,
        330.41662549972534,
        336.2761940956116,
        334.5220398902893,
        331.86526441574097,
        335.8445580005646,
        341.02298521995544,
        341.56821942329407,
        337.15864300727844,
        339.7706182003021,
        336.0894544124603,
        342.510005235672,
        339.7980043888092,
        339.3789141178131,
        339.91303873062134,
        337.9356019496918,
        338.8952395915985,
        341.1990375518799,
        336.3293426036835,
        342.80451822280884,
        345.04286670684814,
        335.5650553703308,
        339.02201795578003,
        340.4241807460785,
        338.82994198799133,
        342.2407922744751,
        336.5010361671448,
        339.92188119888306,
        341.40442991256714,
        339.1052260398865,
        337.4302101135254,
        342.8151876926422,
        341.38330483436584,
        342.28084897994995,
        338.0601751804352,
        343.31169843673706,
        342.39314007759094,
        341.8147747516632,
        342.131712436676,
        345.4779460430145,
        342.69708013534546,
        339.0207176208496,
        337.6485867500305,
        338.87835121154785,
        340.17115926742554,
        336.4101161956787,
        340.2043013572693,
        340.71335005760193,
        339.4988431930542,
        339.97001004219055,
        339.5821831226349,
        341.80134534835815,
        340.18267583847046,
        342.4303810596466,
        340.84205436706543,
        339.17709589004517,
        338.50523495674133,
        338.8949761390686,
        338.9516975879669,
        339.06713104248047,
        338.47057485580444,
        339.3938479423523,
        339.08123898506165,
        341.3166010379791,
        343.34530687332153,
        342.09868001937866,
        339.5905463695526,
        341.4732222557068,
        341.9074857234955,
        339.1308505535126,
        344.90737080574036,
        339.8822784423828,
        345.55526781082153,
        340.39463543891907,
        342.87758588790894,
        344.8269729614258,
        325.2454743385315,
        331.02997517585754,
        331.0167853832245,
        334.6788239479065,
        335.3670084476471,
        332.1161494255066,
        333.04954957962036,
        334.74127435684204,
        336.6871032714844,
        340.3795557022095,
        334.12456226348877,
        340.258104801178,
        338.03460359573364,
        336.8120970726013,
        336.1610391139984,
        335.3140342235565,
        336.40974140167236,
        335.29136633872986,
        334.4669713973999,
        338.41973876953125,
        337.32567524909973,
        335.832439661026,
        336.8775918483734
    ],