{
    "args": {
        "bandwidth": 8000,
        "batch_size": 8,
        "dataset": "musdb",
        "epochs": 16,
        "hidden_size": 512,
        "is_wav": false,
        "lr": 0.001,
        "lr_decay_gamma": 0.3,
        "lr_decay_patience": 80,
        "mdensenet_params": "mdensenet-acc-small/params4.json",
        "model": null,
        "model_type": "mdensenet",
        "nb_channels": 2,
        "nb_workers": 0,
        "nfft": 4096,
        "nhop": 1024,
        "no_cuda": false,
        "output": "mdensenet-acc-small",
        "patience": 140,
        "quiet": false,
        "root": "~/Music/musdb18",
        "samples_per_track": 64,
        "seed": 42,
        "seq_dur": 3.0,
        "source_augmentations": [
            "gain",
            "channelswap"
        ],
        "target": "accompaniment",
        "unidirectional": false,
        "weight_decay": 1e-05
    },
    "best_epoch": 16,
    "best_loss": 5.01611420086452,
    "commit": "b6ea5d7",
    "epochs_trained": 16,
    "num_bad_epochs": 0,
    "train_loss_history": [
        24.198568651842518,
        16.23409940614257,
        12.736752081402512,
        9.626722646660584,
        7.751734010008878,
        6.407990710853144,
        5.69960571149754,
        5.081029677113821,
        4.743702077588369,
        4.549529244386872,
        4.655951672341934,
        4.531464425630348,
        4.384194173958412,
        4.228192752357139,
        4.361821061996526,
        4.308017367193865
    ],
    "train_time_history": [
        1615.2403855323792,
        1545.0977747440338,
        1546.0851035118103,
        1535.6868951320648,
        1537.323798418045,
        1537.8517503738403,
        1538.4345698356628,
        1537.7644469738007,
        1536.914559841156,
        1537.116403579712,
        1536.7037408351898,
        1537.5776000022888,
        1535.3075125217438,
        1536.0363867282867,
        1536.0777010917664
    ],
    "valid_loss_history": [
        28.782280445098877,
        18.30101309503828,
        17.54446370261056,
        12.531335762568883,
        8.416192088808332,
        6.767130187579563,
        6.5006150007247925,
        6.261493733951023,
        5.46614704813276,
        5.5312491825648715,
        6.729614990098136,
        5.437748908996582,
        5.495975153786795,
        6.253613744463239,
        5.887131656919207,
        5.01611420086452
    ]
}