{
    "args": {
        "bandwidth": 8000,
        "batch_size": 4,
        "dataset": "musdb",
        "epochs": 28,
        "hidden_size": 512,
        "is_wav": false,
        "lr": 0.001,
        "lr_decay_gamma": 0.3,
        "lr_decay_patience": 80,
        "mdensenet_params": "mdensenet-parameter-files/params5-large.json",
        "model": "mdensenet-vox-large",
        "model_type": "mdensenet",
        "nb_channels": 2,
        "nb_workers": 8,
        "nfft": 4096,
        "nhop": 1024,
        "no_cuda": false,
        "output": "mdensenet-vox-large",
        "patience": 140,
        "quiet": false,
        "root": "~/Music/musdb18",
        "samples_per_track": 64,
        "seed": 42,
        "seq_dur": 3.0,
        "source_augmentations": [
            "gain",
            "channelswap"
        ],
        "target": "vocals",
        "unidirectional": false,
        "weight_decay": 1e-05
    },
    "best_epoch": 94,
    "best_loss": 3.3290485441684723,
    "commit": "b6ea5d7",
    "epochs_trained": 100,
    "num_bad_epochs": 6,
    "train_loss_history": [
        6.26599845372487,
        4.669074242501411,
        4.227649995017537,
        3.931855613798943,
        3.4244852968773176,
        3.1783619340249274,
        2.9346469959330768,
        2.7232647312285247,
        2.658882620571138,
        2.572335575057497,
        2.4771478026022398,
        2.438155240390103,
        2.37338827732344,
        2.242295730295916,
        2.2149003460613446,
        2.242244939114032,
        2.223467535545053,
        2.206364908981202,
        2.229918270685905,
        2.248396385255335,
        2.040768122116407,
        2.1392092214745664,
        2.0540695966351343,
        2.018167288302509,
        2.108875689107578,
        2.0168621723085294,
        1.9929958818437055,
        2.014051209658731,
        2.037013747864728,
        1.9637906911436382,
        1.9798480065886017,
        1.9708765573951221,
        2.033490002019937,
        1.905440585341218,
        1.923288781260855,
        2.007364319290879,
        1.9197408543076626,
        1.862613566360588,
        1.931088203082381,
        1.9233242208896162,
        1.7981219147711038,
        1.8982565172807162,
        1.7737811722435317,
        1.8828714898473389,
        1.8518756408634227,
        1.7990893701600388,
        1.7895926377562763,
        1.8761176339426446,
        1.8396331939445592,
        1.7825961669062287,
        1.736282214224555,
        1.795672150610318,
        1.7878054124952922,
        1.7025644577779742,
        1.8334842041557178,
        1.7209214728926634,
        1.7348110682525955,
        1.7490547550273625,
        1.7283662052792605,
        1.75744891985926,
        1.7236909283877373,
        1.748578301360181,
        1.7473642863928838,
        1.7052735382376976,
        1.766175081260329,
        1.732707410882942,
        1.6652006402849977,
        1.694929909386109,
        1.691722748189255,
        1.6357946543694408,
        1.646027460791777,
        1.651991551297955,
        1.663069448569183,
        1.6792214170320305,
        1.6804576221377003,
        1.6684663312910342,
        1.6164459726545786,
        1.6855523483936004,
        1.6532393666038419,
        1.6056290775169293,
        1.6213012761273964,
        1.613929622606266,
        1.582533838200318,
        1.579821479663816,
        1.5776094556000992,
        1.598348682654242,
        1.6090322264177768,
        1.6352033519110274,
        1.6656735474297906,
        1.5670512886041081,
        1.6171649876321383,
        1.5843611792228076,
        1.5459148592794811,
        1.624195400484686,
        1.5992216721561543,
        1.56934919146561,
        1.5702140022253315,
        1.5734853099214,
        1.5681709286047492,
        1.5809291100107827,
        1.588682288293142,
        1.6592174124671146,
        1.5558424789382708
    ],
    "train_time_history": [
        482.05864238739014,
        514.2086381912231,
        511.5505027770996,
        513.1455845832825,
        515.8646395206451,
        462.8192844390869,
        460.022145986557,
        460.11410212516785,
        460.3780312538147,
        459.54678750038147,
        460.61068391799927,
        460.5635521411896,
        461.13417506217957,
        460.05853056907654,
        460.5697252750397,
        460.75668382644653,
        460.9194977283478,
        460.12185049057007,
        460.0668640136719,
        459.35757660865784,
        459.785236120224,
        459.7897367477417,
        459.9445357322693,
        460.72379207611084,
        460.11116909980774,
        459.7350218296051,
        460.77661323547363,
        459.2330639362335,
        460.7973461151123,
        459.77171301841736,
        460.1112394332886,
        459.4596965312958,
        460.07640838623047,
        460.03969073295593,
        460.49841237068176,
        459.80603218078613,
        459.9628019332886,
        460.1727387905121,
        459.5758156776428,
        461.1117169857025,
        460.43640303611755,
        460.7176036834717,
        460.450786113739,
        460.37400126457214,
        459.9422001838684,
        460.58347034454346,
        460.2401523590088,
        460.3286974430084,
        461.17575550079346,
        459.706738948822,
        460.4389657974243,
        461.6041088104248,
        460.87000274658203,
        460.2633819580078,
        460.3184084892273,
        459.67852759361267,
        461.105242729187,
        461.20337533950806,
        460.70334649086,
        460.8021185398102,
        459.9181098937988,
        465.12768721580505,
        499.4202115535736,
        500.6458582878113,
        497.4394986629486,
        499.33397674560547,
        503.95341968536377,
        500.39265418052673,
        501.3719012737274,
        499.02262806892395,
        501.89110374450684,
        504.22467708587646,
        503.8969306945801,
        501.65170764923096,
        468.8749210834503,
        460.2555432319641,
        460.02367663383484,
        459.68899846076965,
        459.3133969306946,
        460.0286729335785,
        460.0689821243286,
        460.4188027381897,
        459.8942229747772,
        460.1110506057739,
        460.1647906303406,
        460.1745111942291,
        460.10750579833984,
        460.63564014434814,
        459.7659924030304,
        459.7112970352173,
        459.4617443084717,
        459.52056884765625,
        460.0400860309601,
        459.81889176368713,
        459.47567105293274,
        459.5324742794037,
        460.2141819000244,
        460.55091071128845,
        460.5255060195923,
        459.47070240974426,
        459.7142035961151,
        461.01628375053406,
        459.9277744293213
    ],