{
    "args": {
        "bandwidth": 8000,
        "batch_size": 8,
        "dataset": "musdb",
        "epochs": 100,
        "hidden_size": 512,
        "is_wav": false,
        "lr": 0.001,
        "lr_decay_gamma": 0.3,
        "lr_decay_patience": 80,
        "mdensenet_params": "mdensenet-vox-small/params4.json",
        "model": "mdensenet-vox-small",
        "model_type": "mdensenet",
        "nb_channels": 2,
        "nb_workers": 8,
        "nfft": 4096,
        "nhop": 1024,
        "no_cuda": false,
        "output": "mdensenet-vox-small",
        "patience": 140,
        "quiet": false,
        "root": "~/Music/musdb18",
        "samples_per_track": 64,
        "seed": 42,
        "seq_dur": 3.0,
        "source_augmentations": [
            "gain",
            "channelswap"
        ],
        "target": "vocals",
        "unidirectional": false,
        "weight_decay": 1e-05
    },
    "best_epoch": 68,
    "best_loss": 4.394867045538766,
    "commit": "b6ea5d7",
    "epochs_trained": 101,
    "num_bad_epochs": 33,
    "train_loss_history": [
        6.971636195688746,
        5.487507759658403,
        4.7879376092622445,
        4.624532660945904,
        4.183149506532868,
        4.120616763830185,
        4.084640450948893,
        3.9887340472534647,
        3.8931286435487658,
        3.7713438677926394,
        3.661040387008079,
        3.5889036889339603,
        3.623589992869732,
        3.51006009481674,
        3.5109581770591958,
        3.5228936788301137,
        3.327022569037454,
        3.278428751195586,
        3.3211529517416345,
        3.199489171681709,
        3.1988159010923187,
        3.2005049759565396,
        3.051671904620043,
        3.1238715338499046,
        3.0795150912085245,
        2.9380103365279906,
        3.0976643658481366,
        3.0827413020265655,
        3.0338059482706146,
        3.010805853317643,
        2.954763560187678,
        2.9458961451296197,
        2.9654164611426896,
        2.898391403257847,
        3.012589250886163,
        2.910939181786637,
        2.9019498698586643,
        2.8773416442753272,
        2.903479188160841,
        2.898345915297436,
        2.7826650821885397,
        2.864067067933637,
        2.900444576213526,
        2.7398724174776743,
        2.8427390676251676,
        2.814535385300947,
        2.856004778469025,
        2.8797960516151995,
        2.7348374448023565,
        2.735869879639426,
        2.7241484812179277,
        2.906445314717847,
        2.7371755496187267,
        2.800727495447148,
        2.743502531547186,
        2.784820747756681,
        2.7963561727557074,
        2.8362662674382677,
        2.7490630242540393,
        2.7101816230908384,
        2.698298192214827,
        2.6823994202842547,
        2.6866925739098426,
        2.6530071106241193,
        2.634153296867775,
        2.7561314862308115,
        2.684327399661375,
        2.7247812473323454,
        2.7338397131236487,
        2.634606428357751,
        2.718359067429637,
        2.681696982664424,
        2.727162187615799,
        2.6866374206404355,
        2.682352367615284,
        2.6198002812127736,
        2.6949849314121312,
        2.65911869158925,
        2.711985244957167,
        2.6067709292956565,
        2.6758418638519075,
        2.651925969955533,
        2.729284523791352,
        2.564322633755415,
        2.612237850334062,
        2.586066326776216,
        2.6471061141685,
        2.555065389072826,
        2.5866864225718866,
        2.6099950534313225,
        2.6146858026988284,
        2.6636974248428675,
        2.5680015791467454,
        2.577115416959968,
        2.576545723475689,
        2.566132004611021,
        2.557003038393897,
        2.559440664167321,
        2.543675847611455,
        2.542989359865355,
        2.6540073266382826,
        2.628250310933867,
        2.634359113612147
    ],
    "train_time_history": [
        337.28121614456177,
        330.7877507209778,
        340.4538960456848,
        334.5867075920105,
        337.52370858192444,
        333.3723030090332,
        341.49962306022644,
        335.50739669799805,
        337.46032667160034,
        336.50242018699646,
        337.5171616077423,
        338.43250584602356,
        336.79495310783386,
        337.3065059185028,
        339.31712532043457,
        335.96716237068176,
        333.7119324207306,
        333.05863308906555,
        339.7978904247284,
        335.92646980285645,
        337.6815412044525,
        335.469801902771,
        339.53296756744385,
        340.3746678829193,
        338.8110101222992,
        336.6913652420044,
        334.33857560157776,
        338.21882343292236,
        336.878933429718,
        338.4709095954895,
        339.82652163505554,
        334.2925486564636,
        341.77156472206116,
        337.98627734184265,
        337.48966336250305,
        338.2256033420563,
        340.448611497879,
        340.5726044178009,
        339.45712661743164,
        337.2566888332367,
        336.71248292922974,
        336.6372058391571,
        338.3422658443451,
        336.5503001213074,
        345.4565510749817,
        341.487309217453,
        335.6030607223511,
        336.22074484825134,
        338.483106136322,
        337.5110409259796,
        342.92990469932556,
        336.59614276885986,
        336.6234202384949,
        340.1095118522644,
        335.37639117240906,
        342.1093702316284,
        335.39173698425293,
        333.85955786705017,
        340.0385854244232,
        334.338036775589,
        338.40272331237793,
        338.9341838359833,
        335.49212551116943,
        336.5735692977905,
        337.3068974018097,
        337.3569715023041,
        335.3189949989319,
        335.93886733055115,
        342.01995038986206,
        339.4323365688324,
        339.74537205696106,
        339.3529951572418,
        336.72779965400696,
        340.3507122993469,
        337.74786281585693,
        337.1888391971588,
        335.9090280532837,
        339.81337690353394,
        336.24082684516907,
        338.391854763031,
        339.5411491394043,
        335.53221249580383,
        340.35123229026794,
        337.5850841999054,
        336.0863308906555,
        334.5433373451233,
        337.9720766544342,
        337.9639666080475,
        335.77911353111267,
        336.75638246536255,
        336.7138638496399,
        338.5007698535919,
        334.1439082622528,
        337.0026578903198,
        336.9796574115753,
        338.3542904853821,
        335.60530853271484,
        337.9684793949127,
        337.1865174770355,
        341.8222291469574
    ],