{
    "args": {
        "bandwidth": 16000,
        "batch_size": 1,
        "dataset": "musdb",
        "epochs": 9,
        "hidden_size": 512,
        "is_wav": false,
        "lr": 0.001,
        "lr_decay_gamma": 0.3,
        "lr_decay_patience": 80,
        "model": "open-unmix/",
        "model_type": "mdensenet",
        "nb_channels": 2,
        "nb_workers": 0,
        "nfft": 4096,
        "nhop": 1024,
        "no_cuda": false,
        "output": "open-unmix",
        "patience": 140,
        "quiet": false,
        "root": "~/Music/musdb18",
        "samples_per_track": 64,
        "seed": 42,
        "seq_dur": 3.0,
        "source_augmentations": [
            "gain",
            "channelswap"
        ],
        "target": "vocals",
        "unidirectional": false,
        "weight_decay": 1e-05
    },
    "best_epoch": 13,
    "best_loss": 1.3038496843406133,
    "commit": "3ff7302",
    "epochs_trained": 72,
    "num_bad_epochs": 67,
    "train_loss_history": [
        1.8588318173519098,
        1.1049695525082845,
        0.8868016754732221,
        0.8240728727870763,
        0.7501401938334523,
        0.6976579903380933,
        0.6873322633087218,
        0.6808532440432341,
        0.637076081591386,
        0.6440685403621723,
        0.617892415373154,
        0.5994140263778004,
        0.5902018602465144,
        0.6051234910062685,
        0.5886815270145542,
        0.5783225704886721,
        0.5840904098770775,
        0.5558976280269676,
        0.5412630396507395,
        0.5554487794312947,
        0.5196776047598818,
        0.5376259670232659,
        0.5369265547020663,
        0.5161230491961926,
        0.5177743864828038,
        0.5202941649073067,
        0.5091435811090431,
        0.5207077288803431,
        0.5241254529510185,
        0.4980360983386621,
        0.4873028260487012,
        0.5043547764584876,
        0.4937345892086327,
        0.4809260002229783,
        0.48802101287955185,
        0.484476720143411,
        0.4775204816366819,
        0.4876513975038955,
        0.4942271040540653,
        0.47461585241993715,
        0.4644568631177354,
        0.48226577308766294,
        0.4633394904344293,
        0.4601076273550382,
        0.4664095833365287,
        0.47352828056863017,
        0.4588271616870915,
        0.4700679889137161,
        0.4711561865858547,
        0.4496740901778707,
        0.46608047237428657,
        0.4518733121510166,
        0.45216139811439365,
        0.43964793209539993,
        0.4447737311987367,
        0.4428748533613995,
        0.4334610419996315,
        0.4480682559060994,
        0.4466032627489312,
        0.44954931617805394,
        0.4547813237249447,
        0.45671625024612134,
        0.44807887383394474,
        0.4231947291227767,
        0.45046971239012346,
        0.43510380481660166,
        0.4263480646841123,
        0.4420012206409384,
        0.4398463625933373,
        0.43178727536457107,
        0.4438314755721532,
        0.44192706122425207,
        0.4375121090392196,
        0.41457745664008033,
        0.42742942866989997,
        0.4210553718170156,
        0.4162550768066255,
        0.4335886657384031,
        0.42406345102042525,
        0.4261523749101846,
        0.43803455037359385,
        0.4395406043503122,
        0.4227308263960222
    ],
    "train_time_history": [
        3658.1970505714417,
        3609.148104906082,
        3605.0308573246,
        3604.349625110626,
        3602.517952442169,
        3660.892475128174,
        3613.5073144435883,
        3612.756664991379,
        3610.685521841049,
        3610.245651960373,
        3610.020218849182,
        3611.970334291458,
        3609.012462615967,
        3608.5360975265503,
        3645.5310468673706,
        3650.327350139618,
        3608.8479516506195,
        3604.182377099991,
        3605.1784796714783,
        3605.220158815384,
        3604.716437101364,
        3602.344093799591,
        3602.6108174324036,
        3601.6097486019135,
        3657.5252299308777,
        3610.1208729743958,
        3606.4800856113434,
        3605.3359286785126,
        3606.6504776477814,
        3608.5912811756134,
        3606.9168512821198,
        3604.6127314567566,
        3606.0732700824738,
        3653.085328102112,
        3617.3682708740234,
        3608.8838255405426,
        3610.505753993988,
        3612.3374893665314,
        3612.056654691696,
        3606.7906806468964,
        3614.4564492702484,
        3684.1686034202576,
        3686.1730992794037,
        3686.4131047725677,
        3660.277305841446,
        3616.5243458747864,
        3613.650026321411,
        3610.355050802231,
        3611.384582042694,
        3610.422636985779,
        3612.432384252548,
        3611.7233016490936,
        3611.7805087566376,
        3650.2076687812805,
        3609.8130371570587,
        3604.155213832855,
        3602.492110490799,
        3601.684366941452,
        3604.3715500831604,
        3602.326512336731,
        3602.085688352585,
        3604.7476799488068,
        3668.5029077529907,
        3618.0499641895294,
        3619.7186527252197,
        3620.4189705848694,
        3620.753232240677,
        3620.249287366867,
        3618.1864578723907,
        3620.087467432022,
        3614.7684683799744
    ],
    "valid_loss_history": [
        1.900206480707441,
        1.8492645749023982,
        1.8343739211559296,
        1.6778882571629115,
        1.5445479367460524,
        1.5143805550677436,
        1.4524407259055547,
        1.4795005002192088,
        1.916073420218059,
        1.8104307353496552,
        1.6095998074327196,
        1.461991344179426,
        1.6025659101349967,
        1.5328202141182763,
        1.3658694114003862,
        1.3038496843406133,
        1.4998706430196762,
        1.3135723024606705,
        2.3327817107949937,
        1.8351221148456847,
        2.541156517607825,
        1.8703934805733817,
        1.7292782962322235,
        1.62699779016631,
        1.8186389207839966,
        1.5721452917371477,
        1.4419625337634767,
        1.4270061552524567,
        1.502227681023734,
        1.4200166123253959,
        2.134858182498387,
        1.8393341132572718,
        1.896585341010775,
        1.516732171177864,
        1.845031248671668,
        1.557043622647013,
        1.4206656153712953,
        1.4052341090781348,
        1.471521754349981,
        1.4085974714585714,
        2.5214201297078813,
        1.871167546936444,
        1.7641692076410567,
        1.873915589281491,
        1.7991128819329398,
        1.511498104248728,
        1.4556274052177156,
        1.440658477800233,
        1.5915800737483161,
        2.4599286104951585,
        2.0414038321801593,
        1.907300842659814,
        1.5959967502525874,
        2.587504114423479,
        2.0754939849887575,
        1.6534740924835205,
        1.4850978808743613,
        1.6522511818579264,
        1.5519178062677383,
        1.5464561432600021,
        1.536502765757697,
        1.8559134985719408,
        1.4993837752512522,
        2.444815073694502,
        2.0038831340415135,
        2.2207988500595093,
        1.467936824475016,
        1.932800212076732,
        1.6202397452933448,
        1.5874903287206377,
        1.4761993033545358,
        1.7577652399029051,
        1.560123269047056,
        2.3715142820562636,
        2.0292590132781436,
        1.8816515909773963,
        1.8783345924956458,
        1.8240473823887962,
        1.5947208106517792,
        1.550201611859458,
        1.620981712426458,
        1.6178424102919442,
        1.441593504377774
    ]
}