{
    "args": {
        "bandwidth": 8000,
        "batch_size": 4,
        "dataset": "musdb",
        "epochs": 14,
        "hidden_size": 512,
        "is_wav": false,
        "lr": 0.001,
        "lr_decay_gamma": 0.3,
        "lr_decay_patience": 80,
        "mdensenet_params": "mdensenet-parameter-files/params5-large.json",
        "model": "mdensenet-acc-large",
        "model_type": "mdensenet",
        "nb_channels": 2,
        "nb_workers": 8,
        "nfft": 4096,
        "nhop": 1024,
        "no_cuda": false,
        "output": "mdensenet-acc-large",
        "patience": 140,
        "quiet": false,
        "root": "~/Music/musdb18",
        "samples_per_track": 64,
        "seed": 42,
        "seq_dur": 3.0,
        "source_augmentations": [
            "gain",
            "channelswap"
        ],
        "target": "accompaniment",
        "unidirectional": false,
        "weight_decay": 1e-05
    },
    "best_epoch": 82,
    "best_loss": 2.9434581909860884,
    "commit": "b6ea5d7",
    "epochs_trained": 100,
    "num_bad_epochs": 19,
    "train_loss_history": [
        19.232424498297448,
        10.912214800109004,
        6.650535714141158,
        4.983576123364443,
        4.3557011757132615,
        3.9410173510049664,
        3.9125023285836673,
        3.754734265249829,
        3.4758318568211655,
        3.4463104866445065,
        3.233336017228836,
        3.2578307839413716,
        2.8646864031203263,
        2.7484599704919166,
        2.598274243692326,
        2.415089582677844,
        2.391577684688707,
        2.265501308363191,
        2.2145343779607916,
        2.2410662966282215,
        2.192508389826777,
        2.1296655427621203,
        2.0398507950567577,
        2.053593743310938,
        2.043581730361248,
        2.079168788958774,
        1.980851604148399,
        2.0726045172574907,
        2.005635693041218,
        1.983476767294802,
        1.9134783197280973,
        1.9556565062511106,
        1.922553771110468,
        1.8489493735914313,
        1.8802341123782964,
        1.8718599648929612,
        1.7819865914061666,
        1.804931938258368,
        1.7728937089139984,
        1.8469092014224031,
        1.8039833870716393,
        1.795761397541609,
        1.8239164351550645,
        1.7489730279112972,
        1.811300235865421,
        1.8056766752067,
        1.6972727830803325,
        1.7717643185128826,
        1.7385850647507712,
        1.7004400935283928,
        1.6937576448003393,
        1.7304146390863109,
        1.627051001263046,
        1.6664571098896652,
        1.6312995517929627,
        1.6981778994505836,
        1.664630105090869,
        1.6443891321460522,
        1.6802316427577373,
        1.64001342138752,
        1.665904182594183,
        1.6127658675229826,
        1.637267580255866,
        1.669107771630204,
        1.645347294690044,
        1.6061936941560964,
        1.6576669229151204,
        1.6163868576093294,
        1.587130371145471,
        1.591169536536083,
        1.6017277489069763,
        1.529086766093103,
        1.572627484062037,
        1.5253235513864214,
        1.5825327738664698,
        1.573341165755897,
        1.5577484481686423,
        1.58633181747309,
        1.5516210159416808,
        1.5447903256105302,
        1.5175325849938184,
        1.5229116229686972,
        1.5627709620545596,
        1.541978968924648,
        1.5048709674413467,
        1.5335720942983793,
        1.5299937820365264,
        1.5228709860943084,
        1.5355880888460507,
        1.545983137465407,
        1.5314010877248854,
        1.4949296586388765,
        1.5519393481162571,
        1.529759819662675,
        1.4871966780574863,
        1.5013443715978674,
        1.5106535554365363,
        1.4366851902870073,
        1.4856919296367397,
        1.4459632236055684,
        1.489766978961957,
        1.4793011790877857,
        1.4687151464113837,
        1.4974150433594924
    ],
    "train_time_history": [
        469.0009877681732,
        510.0073115825653,
        526.5694189071655,
        520.8258712291718,
        515.2165768146515,
        523.7478003501892,
        521.5435969829559,
        517.7385790348053,
        527.8051137924194,
        524.9273211956024,
        517.7613980770111,
        517.8148231506348,
        518.3646626472473,
        516.3116319179535,
        525.7743997573853,
        515.2609701156616,
        522.4560990333557,
        516.5941119194031,
        518.4850571155548,
        518.8337910175323,
        520.1759762763977,
        521.524985074997,
        528.2751414775848,
        517.6325812339783,
        519.6985311508179,
        525.9550089836121,
        518.2903718948364,
        521.0251109600067,
        512.6099901199341,
        553.3845679759979,
        570.8471512794495,
        562.4326267242432,
        559.8778276443481,
        569.6070690155029,
        564.609580039978,
        556.2197163105011,
        567.9002847671509,
        566.779322385788,
        563.9856028556824,
        560.1794896125793,
        566.178151845932,
        568.1631236076355,
        566.9434607028961,
        572.3750121593475,
        464.47836327552795,
        464.03545117378235,
        464.72888231277466,
        461.368248462677,
        462.6379315853119,
        464.17398405075073,
        465.45958828926086,
        468.7688636779785,
        470.3429148197174,
        466.02992486953735,
        462.52991700172424,
        465.92656350135803,
        463.84774017333984,
        465.86873030662537,
        465.2593939304352,
        465.06324911117554,
        466.07357597351074,
        471.93543243408203,
        466.01462030410767,
        466.4916937351227,
        466.9323809146881,
        467.1986222267151,
        466.1709187030792,
        468.0021858215332,
        463.3359000682831,
        463.9620122909546,
        466.94444036483765,
        464.17529821395874,
        465.8871433734894,
        463.5963842868805,
        464.69281029701233,
        467.0755362510681,
        472.8224427700043,
        466.0906093120575,
        466.02813172340393,
        466.1835699081421,
        471.3845601081848,
        465.8166003227234,
        467.9382426738739,
        468.0574040412903,
        471.56043314933777,
        470.29569935798645,
        470.95760846138,
        465.11190938949585,
        465.74796772003174,
        474.4644010066986,
        465.9630229473114,
        465.16486072540283,
        466.6213412284851,
        465.5721402168274,
        466.5637230873108,
        465.67552185058594,
        467.7771780490875,
        466.78620743751526,
        471.31028175354004,
        467.4433681964874,
        466.642333984375,
        471.0180788040161,
        467.9444761276245,
        467.350848197937
    ],